{
    "$schema": "https://schema.management.azure.com/schemas/2015-01-01/deploymentParameters.json#",
    "contentVersion": "1.0.0.0",
    "parameters": {
        "subscriptionId": {
            "value": "4223ca24-3c97-45a5-b851-04e161eae618"
        },
        "resourceGroupName": {
            "value": "bankinggappp"
        },
        "name": {
            "value": null
        },
        "location": {
            "value": "Canada Central"
        },
        "hostingPlanName": {
            "value": "app"
        },
        "serverFarmResourceGroup": {
            "value": "bankinggappp"
        },
        "alwaysOn": {
            "value": false
        },
        "ftpsState": {
            "value": "FtpsOnly"
        },
        "autoGeneratedDomainNameLabelScope": {
            "value": "TenantReuse"
        },
        "linuxFxVersion": {
            "value": "PYTHON|3.12"
        },
        "repoUrl": {
            "value": "https://github.com/didulanthaisuru/cuddly-happiness"
        },
        "branch": {
            "value": "main"
        }
    }
}